{"cameraMode":{"drawMode":0,"name":"Shaded","section":"Shading Mode"},"sceneLighting":false,"audioPlay":false,"sceneViewState":{"m_AlwaysRefresh":false,"showFog":true,"showSkybox":false,"showFlares":true,"showImageEffects":true,"showParticleSystems":true,"showVisualEffectGraphs":true,"m_FxEnabled":true},"in2DMode":false,"pivot":{"x":0.0022567063570022585,"y":0.651260256767273,"z":2.458637237548828},"rotation":{"x":-0.45937636494636538,"y":0.007192193530499935,"z":-0.003719744738191366,"w":-0.8882048726081848},"size":3.716522455215454,"orthographic":false}